antecedents_str,consequents_str,rule_str,support,confidence,lift,leverage,conviction
"bas_de_gamme, ssd_2to+","brand_honor, ram_32go+","bas_de_gamme, ssd_2to+  →  brand_honor, ram_32go+",0.06,0.6,10.0,0.054,2.3499999999999996
"brand_honor, ram_32go+","bas_de_gamme, ssd_2to+","brand_honor, ram_32go+  →  bas_de_gamme, ssd_2to+",0.06,1.0,10.0,0.054,inf
"brand_honor, ram_32go+","normal, ssd_2to+","brand_honor, ram_32go+  →  normal, ssd_2to+",0.06,1.0,8.333333333333334,0.0528,inf
"normal, ssd_2to+","brand_honor, ram_32go+","normal, ssd_2to+  →  brand_honor, ram_32go+",0.06,0.5,8.333333333333334,0.0528,1.88
"bas_de_gamme, brand_honor","normal, ssd_2to+","bas_de_gamme, brand_honor  →  normal, ssd_2to+",0.06,1.0,8.333333333333334,0.0528,inf
"normal, ssd_2to+","bas_de_gamme, brand_honor","normal, ssd_2to+  →  bas_de_gamme, brand_honor",0.06,0.5,8.333333333333334,0.0528,1.88
brand_honor,"bas_de_gamme, ram_32go+, ssd_2to+","brand_honor  →  bas_de_gamme, ram_32go+, ssd_2to+",0.06,0.6,7.5,0.052,2.3
"bas_de_gamme, ram_32go+, ssd_2to+",brand_honor,"bas_de_gamme, ram_32go+, ssd_2to+  →  brand_honor",0.06,0.75,7.5,0.052,3.6
"bas_de_gamme, brand_honor","ram_32go+, ssd_2to+","bas_de_gamme, brand_honor  →  ram_32go+, ssd_2to+",0.06,1.0,7.142857142857142,0.05159999999999999,inf
"brand_honor, ram_32go+",ssd_2to+,"brand_honor, ram_32go+  →  ssd_2to+",0.06,1.0,6.25,0.0504,inf
"bas_de_gamme, brand_honor",ssd_2to+,"bas_de_gamme, brand_honor  →  ssd_2to+",0.06,1.0,6.25,0.0504,inf
"brand_honor, platform_aliexpress, ram_32go+",ssd_2to+,"brand_honor, platform_aliexpress, ram_32go+  →  ssd_2to+",0.06,1.0,6.25,0.0504,inf
"brand_honor, ram_32go+","platform_aliexpress, ssd_2to+","brand_honor, ram_32go+  →  platform_aliexpress, ssd_2to+",0.06,1.0,6.25,0.0504,inf
"bas_de_gamme, brand_honor, platform_aliexpress",ssd_2to+,"bas_de_gamme, brand_honor, platform_aliexpress  →  ssd_2to+",0.06,1.0,6.25,0.0504,inf
"bas_de_gamme, brand_honor","platform_aliexpress, ssd_2to+","bas_de_gamme, brand_honor  →  platform_aliexpress, ssd_2to+",0.06,1.0,6.25,0.0504,inf
"brand_honor, normal, ram_32go+",ssd_2to+,"brand_honor, normal, ram_32go+  →  ssd_2to+",0.06,1.0,6.25,0.0504,inf
"bas_de_gamme, brand_honor, ram_32go+",ssd_2to+,"bas_de_gamme, brand_honor, ram_32go+  →  ssd_2to+",0.06,1.0,6.25,0.0504,inf
"bas_de_gamme, brand_honor, normal",ssd_2to+,"bas_de_gamme, brand_honor, normal  →  ssd_2to+",0.06,1.0,6.25,0.0504,inf
"bas_de_gamme, ssd_2to+","brand_honor, normal","bas_de_gamme, ssd_2to+  →  brand_honor, normal",0.06,0.6,5.999999999999999,0.049999999999999996,2.25
"bas_de_gamme, ssd_2to+","brand_honor, platform_aliexpress","bas_de_gamme, ssd_2to+  →  brand_honor, platform_aliexpress",0.06,0.6,5.999999999999999,0.049999999999999996,2.25
"normal, ram_32go+, ssd_2to+",brand_honor,"normal, ram_32go+, ssd_2to+  →  brand_honor",0.06,0.6,5.999999999999999,0.049999999999999996,2.25
"bas_de_gamme, ssd_2to+",brand_honor,"bas_de_gamme, ssd_2to+  →  brand_honor",0.06,0.6,5.999999999999999,0.049999999999999996,2.25
brand_honor,"bas_de_gamme, ssd_2to+","brand_honor  →  bas_de_gamme, ssd_2to+",0.06,0.6,5.999999999999999,0.049999999999999996,2.25
"bas_de_gamme, platform_aliexpress, ssd_2to+",brand_honor,"bas_de_gamme, platform_aliexpress, ssd_2to+  →  brand_honor",0.06,0.6,5.999999999999999,0.049999999999999996,2.25
brand_honor,"normal, ram_32go+, ssd_2to+","brand_honor  →  normal, ram_32go+, ssd_2to+",0.06,0.6,5.999999999999999,0.049999999999999996,2.25
"brand_honor, platform_aliexpress","bas_de_gamme, ssd_2to+","brand_honor, platform_aliexpress  →  bas_de_gamme, ssd_2to+",0.06,0.6,5.999999999999999,0.049999999999999996,2.25
"bas_de_gamme, normal, ssd_2to+",brand_honor,"bas_de_gamme, normal, ssd_2to+  →  brand_honor",0.06,0.6,5.999999999999999,0.049999999999999996,2.25
brand_honor,"bas_de_gamme, platform_aliexpress, ssd_2to+","brand_honor  →  bas_de_gamme, platform_aliexpress, ssd_2to+",0.06,0.6,5.999999999999999,0.049999999999999996,2.25
brand_honor,"bas_de_gamme, normal, ssd_2to+","brand_honor  →  bas_de_gamme, normal, ssd_2to+",0.06,0.6,5.999999999999999,0.049999999999999996,2.25
"brand_honor, normal","bas_de_gamme, ssd_2to+","brand_honor, normal  →  bas_de_gamme, ssd_2to+",0.06,0.6,5.999999999999999,0.049999999999999996,2.25
brand_honor,"normal, platform_aliexpress, ssd_2to+","brand_honor  →  normal, platform_aliexpress, ssd_2to+",0.06,0.6,5.0,0.048,2.1999999999999997
brand_honor,"normal, ssd_2to+","brand_honor  →  normal, ssd_2to+",0.06,0.6,5.0,0.048,2.1999999999999997
"brand_honor, platform_aliexpress","normal, ssd_2to+","brand_honor, platform_aliexpress  →  normal, ssd_2to+",0.06,0.6,5.0,0.048,2.1999999999999997
"normal, ssd_2to+",brand_honor,"normal, ssd_2to+  →  brand_honor",0.06,0.5,5.0,0.048,1.8
"normal, ssd_2to+","brand_honor, platform_aliexpress","normal, ssd_2to+  →  brand_honor, platform_aliexpress",0.06,0.5,5.0,0.048,1.8
"normal, platform_aliexpress, ssd_2to+",brand_honor,"normal, platform_aliexpress, ssd_2to+  →  brand_honor",0.06,0.5,5.0,0.048,1.8
brand_honor,"platform_aliexpress, ram_32go+, ssd_2to+","brand_honor  →  platform_aliexpress, ram_32go+, ssd_2to+",0.06,0.6,4.285714285714286,0.046,2.15
brand_honor,"ram_32go+, ssd_2to+","brand_honor  →  ram_32go+, ssd_2to+",0.06,0.6,4.285714285714286,0.046,2.15
"brand_honor, platform_aliexpress","ram_32go+, ssd_2to+","brand_honor, platform_aliexpress  →  ram_32go+, ssd_2to+",0.06,0.6,4.285714285714286,0.046,2.15
"brand_honor, normal","ram_32go+, ssd_2to+","brand_honor, normal  →  ram_32go+, ssd_2to+",0.06,0.6,4.285714285714286,0.046,2.15
brand_acer,"bas_de_gamme, ram_32go+, ssd_1to","brand_acer  →  bas_de_gamme, ram_32go+, ssd_1to",0.06,0.6,4.285714285714286,0.046,2.15
"bas_de_gamme, brand_huawei","ram_16go, ssd_512go","bas_de_gamme, brand_huawei  →  ram_16go, ssd_512go",0.06,0.75,4.166666666666667,0.0456,3.2800000000000002
"bas_de_gamme, brand_huawei","platform_aliexpress, ssd_512go","bas_de_gamme, brand_huawei  →  platform_aliexpress, ssd_512go",0.06,0.75,4.166666666666667,0.0456,3.2800000000000002
"brand_honor, ssd_2to+","bas_de_gamme, ram_32go+","brand_honor, ssd_2to+  →  bas_de_gamme, ram_32go+",0.06,1.0,4.166666666666667,0.0456,inf
"brand_huawei, ram_16go","platform_aliexpress, ssd_512go","brand_huawei, ram_16go  →  platform_aliexpress, ssd_512go",0.06,0.75,4.166666666666667,0.0456,3.2800000000000002
"brand_lenovo, ram_32go+","platform_aliexpress, ssd_1to","brand_lenovo, ram_32go+  →  platform_aliexpress, ssd_1to",0.06,1.0,3.846153846153846,0.044399999999999995,inf
"brand_lenovo, ram_32go+",ssd_1to,"brand_lenovo, ram_32go+  →  ssd_1to",0.06,1.0,3.846153846153846,0.044399999999999995,inf
"brand_lenovo, platform_aliexpress, ram_32go+",ssd_1to,"brand_lenovo, platform_aliexpress, ram_32go+  →  ssd_1to",0.06,1.0,3.846153846153846,0.044399999999999995,inf
"brand_honor, normal","platform_aliexpress, ssd_2to+","brand_honor, normal  →  platform_aliexpress, ssd_2to+",0.06,0.6,3.75,0.044,2.0999999999999996
"brand_honor, normal, platform_aliexpress",ssd_2to+,"brand_honor, normal, platform_aliexpress  →  ssd_2to+",0.06,0.6,3.75,0.044,2.0999999999999996
brand_honor,"platform_aliexpress, ssd_2to+","brand_honor  →  platform_aliexpress, ssd_2to+",0.06,0.6,3.75,0.044,2.0999999999999996
brand_honor,ssd_2to+,brand_honor  →  ssd_2to+,0.06,0.6,3.75,0.044,2.0999999999999996
"brand_honor, normal",ssd_2to+,"brand_honor, normal  →  ssd_2to+",0.06,0.6,3.75,0.044,2.0999999999999996
"brand_honor, platform_aliexpress",ssd_2to+,"brand_honor, platform_aliexpress  →  ssd_2to+",0.06,0.6,3.75,0.044,2.0999999999999996
brand_huawei,"platform_aliexpress, ram_16go, ssd_512go","brand_huawei  →  platform_aliexpress, ram_16go, ssd_512go",0.06,0.6,3.75,0.044,2.0999999999999996
brand_acer,"normal, ram_32go+, ssd_1to","brand_acer  →  normal, ram_32go+, ssd_1to",0.06,0.6,3.75,0.044,2.0999999999999996
"brand_acer, platform_aliexpress","bas_de_gamme, ssd_1to","brand_acer, platform_aliexpress  →  bas_de_gamme, ssd_1to",0.08,0.7999999999999999,3.6363636363636362,0.057999999999999996,3.899999999999999
brand_acer,"bas_de_gamme, normal, ssd_1to","brand_acer  →  bas_de_gamme, normal, ssd_1to",0.08,0.7999999999999999,3.6363636363636362,0.057999999999999996,3.899999999999999
brand_acer,"bas_de_gamme, ssd_1to","brand_acer  →  bas_de_gamme, ssd_1to",0.08,0.7999999999999999,3.6363636363636362,0.057999999999999996,3.899999999999999
brand_acer,"bas_de_gamme, platform_aliexpress, ssd_1to","brand_acer  →  bas_de_gamme, platform_aliexpress, ssd_1to",0.08,0.7999999999999999,3.6363636363636362,0.057999999999999996,3.899999999999999
"brand_acer, normal","bas_de_gamme, ssd_1to","brand_acer, normal  →  bas_de_gamme, ssd_1to",0.08,0.7999999999999999,3.6363636363636362,0.057999999999999996,3.899999999999999
"brand_huawei, ssd_512go","bas_de_gamme, ram_16go","brand_huawei, ssd_512go  →  bas_de_gamme, ram_16go",0.06,1.0,3.571428571428571,0.043199999999999995,inf
"bas_de_gamme, brand_huawei, ram_16go",ssd_512go,"bas_de_gamme, brand_huawei, ram_16go  →  ssd_512go",0.06,0.75,3.409090909090909,0.04239999999999999,3.12
"bas_de_gamme, brand_huawei, normal",ssd_512go,"bas_de_gamme, brand_huawei, normal  →  ssd_512go",0.06,0.75,3.409090909090909,0.04239999999999999,3.12
"brand_acer, ram_32go+","bas_de_gamme, ssd_1to","brand_acer, ram_32go+  →  bas_de_gamme, ssd_1to",0.06,0.75,3.409090909090909,0.04239999999999999,3.12
"bas_de_gamme, brand_huawei","normal, ssd_512go","bas_de_gamme, brand_huawei  →  normal, ssd_512go",0.06,0.75,3.409090909090909,0.04239999999999999,3.12
"brand_huawei, ram_16go","bas_de_gamme, ssd_512go","brand_huawei, ram_16go  →  bas_de_gamme, ssd_512go",0.06,0.75,3.409090909090909,0.04239999999999999,3.12
"brand_huawei, platform_aliexpress, ram_16go",ssd_512go,"brand_huawei, platform_aliexpress, ram_16go  →  ssd_512go",0.06,0.75,3.409090909090909,0.04239999999999999,3.12
"brand_huawei, ram_16go",ssd_512go,"brand_huawei, ram_16go  →  ssd_512go",0.06,0.75,3.409090909090909,0.04239999999999999,3.12
"bas_de_gamme, brand_huawei",ssd_512go,"bas_de_gamme, brand_huawei  →  ssd_512go",0.06,0.75,3.409090909090909,0.04239999999999999,3.12
"brand_huawei, ram_16go","normal, ssd_512go","brand_huawei, ram_16go  →  normal, ssd_512go",0.06,0.75,3.409090909090909,0.04239999999999999,3.12
"brand_huawei, normal, ram_16go",ssd_512go,"brand_huawei, normal, ram_16go  →  ssd_512go",0.06,0.75,3.409090909090909,0.04239999999999999,3.12
"bas_de_gamme, brand_huawei, platform_aliexpress",ssd_512go,"bas_de_gamme, brand_huawei, platform_aliexpress  →  ssd_512go",0.06,0.75,3.409090909090909,0.04239999999999999,3.12
"brand_huawei, platform_aliexpress","ram_16go, ssd_512go","brand_huawei, platform_aliexpress  →  ram_16go, ssd_512go",0.06,0.6,3.3333333333333335,0.041999999999999996,2.05
brand_huawei,"ram_16go, ssd_512go","brand_huawei  →  ram_16go, ssd_512go",0.06,0.6,3.3333333333333335,0.041999999999999996,2.05
"brand_acer, platform_aliexpress","ram_32go+, ssd_1to","brand_acer, platform_aliexpress  →  ram_32go+, ssd_1to",0.06,0.6,3.3333333333333335,0.041999999999999996,2.05
brand_acer,"platform_aliexpress, ram_32go+, ssd_1to","brand_acer  →  platform_aliexpress, ram_32go+, ssd_1to",0.06,0.6,3.3333333333333335,0.041999999999999996,2.05
brand_acer,"ram_32go+, ssd_1to","brand_acer  →  ram_32go+, ssd_1to",0.06,0.6,3.3333333333333335,0.041999999999999996,2.05
brand_huawei,"normal, platform_aliexpress, ssd_512go","brand_huawei  →  normal, platform_aliexpress, ssd_512go",0.06,0.6,3.3333333333333335,0.041999999999999996,2.05
brand_huawei,"platform_aliexpress, ssd_512go","brand_huawei  →  platform_aliexpress, ssd_512go",0.06,0.6,3.3333333333333335,0.041999999999999996,2.05
"bas_de_gamme, brand_huawei","platform_aliexpress, ram_16go","bas_de_gamme, brand_huawei  →  platform_aliexpress, ram_16go",0.08,1.0,3.3333333333333335,0.056,inf
brand_huawei,"normal, ram_16go, ssd_512go","brand_huawei  →  normal, ram_16go, ssd_512go",0.06,0.6,3.3333333333333335,0.041999999999999996,2.05
brand_huawei,"bas_de_gamme, platform_aliexpress, ssd_512go","brand_huawei  →  bas_de_gamme, platform_aliexpress, ssd_512go",0.06,0.6,3.3333333333333335,0.041999999999999996,2.05
"bas_de_gamme, brand_acer","ram_32go+, ssd_1to","bas_de_gamme, brand_acer  →  ram_32go+, ssd_1to",0.06,0.6,3.3333333333333335,0.041999999999999996,2.05
"brand_lenovo, platform_aliexpress","ram_32go+, ssd_1to","brand_lenovo, platform_aliexpress  →  ram_32go+, ssd_1to",0.06,0.6,3.3333333333333335,0.041999999999999996,2.05
"brand_huawei, normal","ram_16go, ssd_512go","brand_huawei, normal  →  ram_16go, ssd_512go",0.06,0.6,3.3333333333333335,0.041999999999999996,2.05
"brand_huawei, normal","platform_aliexpress, ssd_512go","brand_huawei, normal  →  platform_aliexpress, ssd_512go",0.06,0.6,3.3333333333333335,0.041999999999999996,2.05
brand_huawei,"bas_de_gamme, ram_16go, ssd_512go","brand_huawei  →  bas_de_gamme, ram_16go, ssd_512go",0.06,0.6,3.3333333333333335,0.041999999999999996,2.05
"brand_huawei, ssd_512go","platform_aliexpress, ram_16go","brand_huawei, ssd_512go  →  platform_aliexpress, ram_16go",0.06,1.0,3.3333333333333335,0.041999999999999996,inf
"brand_acer, normal","ram_32go+, ssd_1to","brand_acer, normal  →  ram_32go+, ssd_1to",0.06,0.6,3.3333333333333335,0.041999999999999996,2.05
"bas_de_gamme, brand_acer","normal, ssd_1to","bas_de_gamme, brand_acer  →  normal, ssd_1to",0.08,0.7999999999999999,3.333333333333333,0.056,3.799999999999999
"brand_acer, platform_aliexpress","normal, ssd_1to","brand_acer, platform_aliexpress  →  normal, ssd_1to",0.08,0.7999999999999999,3.333333333333333,0.056,3.799999999999999
brand_acer,"normal, platform_aliexpress, ssd_1to","brand_acer  →  normal, platform_aliexpress, ssd_1to",0.08,0.7999999999999999,3.333333333333333,0.056,3.799999999999999
brand_acer,"normal, ssd_1to","brand_acer  →  normal, ssd_1to",0.08,0.7999999999999999,3.333333333333333,0.056,3.799999999999999
"brand_acer, platform_aliexpress","bas_de_gamme, ram_32go+","brand_acer, platform_aliexpress  →  bas_de_gamme, ram_32go+",0.08,0.7999999999999999,3.333333333333333,0.056,3.799999999999999
"brand_acer, normal","bas_de_gamme, ram_32go+","brand_acer, normal  →  bas_de_gamme, ram_32go+",0.08,0.7999999999999999,3.333333333333333,0.056,3.799999999999999
brand_acer,"bas_de_gamme, ram_32go+","brand_acer  →  bas_de_gamme, ram_32go+",0.08,0.7999999999999999,3.333333333333333,0.056,3.799999999999999
brand_acer,"bas_de_gamme, platform_aliexpress, ram_32go+","brand_acer  →  bas_de_gamme, platform_aliexpress, ram_32go+",0.08,0.7999999999999999,3.333333333333333,0.056,3.799999999999999
brand_acer,"bas_de_gamme, normal, ram_32go+","brand_acer  →  bas_de_gamme, normal, ram_32go+",0.08,0.7999999999999999,3.333333333333333,0.056,3.799999999999999
"bas_de_gamme, ram_16go","platform_aliexpress, ssd_512go","bas_de_gamme, ram_16go  →  platform_aliexpress, ssd_512go",0.16,0.5714285714285714,3.1746031746031744,0.1096,1.9133333333333333
"platform_aliexpress, ssd_512go","bas_de_gamme, ram_16go","platform_aliexpress, ssd_512go  →  bas_de_gamme, ram_16go",0.16,0.888888888888889,3.1746031746031744,0.1096,6.480000000000003
"bas_de_gamme, brand_huawei, normal",ram_16go,"bas_de_gamme, brand_huawei, normal  →  ram_16go",0.08,1.0,3.125,0.054400000000000004,inf
"bas_de_gamme, brand_huawei","normal, ram_16go","bas_de_gamme, brand_huawei  →  normal, ram_16go",0.08,1.0,3.125,0.054400000000000004,inf
"brand_acer, ssd_1to","bas_de_gamme, ram_32go+","brand_acer, ssd_1to  →  bas_de_gamme, ram_32go+",0.06,0.75,3.125,0.0408,3.04
"brand_huawei, ssd_512go","normal, ram_16go","brand_huawei, ssd_512go  →  normal, ram_16go",0.06,1.0,3.125,0.0408,inf
"brand_huawei, normal, ssd_512go",ram_16go,"brand_huawei, normal, ssd_512go  →  ram_16go",0.06,1.0,3.125,0.0408,inf
"brand_acer, ram_32go+","normal, ssd_1to","brand_acer, ram_32go+  →  normal, ssd_1to",0.06,0.75,3.125,0.0408,3.04
"bas_de_gamme, brand_huawei, ssd_512go",ram_16go,"bas_de_gamme, brand_huawei, ssd_512go  →  ram_16go",0.06,1.0,3.125,0.0408,inf
"brand_huawei, ssd_512go",ram_16go,"brand_huawei, ssd_512go  →  ram_16go",0.06,1.0,3.125,0.0408,inf
"bas_de_gamme, brand_huawei",ram_16go,"bas_de_gamme, brand_huawei  →  ram_16go",0.08,1.0,3.125,0.054400000000000004,inf
"brand_honor, ssd_2to+","normal, ram_32go+","brand_honor, ssd_2to+  →  normal, ram_32go+",0.06,1.0,3.125,0.0408,inf
"bas_de_gamme, brand_honor","normal, ram_32go+","bas_de_gamme, brand_honor  →  normal, ram_32go+",0.06,1.0,3.125,0.0408,inf
"brand_huawei, platform_aliexpress, ssd_512go",ram_16go,"brand_huawei, platform_aliexpress, ssd_512go  →  ram_16go",0.06,1.0,3.125,0.0408,inf
"bas_de_gamme, brand_huawei, platform_aliexpress",ram_16go,"bas_de_gamme, brand_huawei, platform_aliexpress  →  ram_16go",0.08,1.0,3.125,0.054400000000000004,inf
"bas_de_gamme, brand_acer","platform_aliexpress, ssd_1to","bas_de_gamme, brand_acer  →  platform_aliexpress, ssd_1to",0.08,0.7999999999999999,3.0769230769230766,0.054,3.699999999999999
brand_acer,ssd_1to,brand_acer  →  ssd_1to,0.08,0.7999999999999999,3.0769230769230766,0.054,3.699999999999999
brand_huawei,"bas_de_gamme, platform_aliexpress, ram_16go","brand_huawei  →  bas_de_gamme, platform_aliexpress, ram_16go",0.08,0.7999999999999999,3.0769230769230766,0.054,3.699999999999999
"bas_de_gamme, brand_acer",ssd_1to,"bas_de_gamme, brand_acer  →  ssd_1to",0.08,0.7999999999999999,3.0769230769230766,0.054,3.699999999999999
"brand_acer, normal","platform_aliexpress, ssd_1to","brand_acer, normal  →  platform_aliexpress, ssd_1to",0.08,0.7999999999999999,3.0769230769230766,0.054,3.699999999999999
"bas_de_gamme, brand_acer, normal",ssd_1to,"bas_de_gamme, brand_acer, normal  →  ssd_1to",0.08,0.7999999999999999,3.0769230769230766,0.054,3.699999999999999
brand_acer,"platform_aliexpress, ssd_1to","brand_acer  →  platform_aliexpress, ssd_1to",0.08,0.7999999999999999,3.0769230769230766,0.054,3.699999999999999
"brand_acer, normal",ssd_1to,"brand_acer, normal  →  ssd_1to",0.08,0.7999999999999999,3.0769230769230766,0.054,3.699999999999999
"brand_acer, normal, platform_aliexpress",ssd_1to,"brand_acer, normal, platform_aliexpress  →  ssd_1to",0.08,0.7999999999999999,3.0769230769230766,0.054,3.699999999999999
"bas_de_gamme, brand_acer, platform_aliexpress",ssd_1to,"bas_de_gamme, brand_acer, platform_aliexpress  →  ssd_1to",0.08,0.7999999999999999,3.0769230769230766,0.054,3.699999999999999
"brand_acer, platform_aliexpress",ssd_1to,"brand_acer, platform_aliexpress  →  ssd_1to",0.08,0.7999999999999999,3.0769230769230766,0.054,3.699999999999999
"bas_de_gamme, normal, ram_16go",ssd_512go,"bas_de_gamme, normal, ram_16go  →  ssd_512go",0.18,0.6428571428571428,2.922077922077922,0.11839999999999998,2.1839999999999997
"bas_de_gamme, ram_16go","normal, ssd_512go","bas_de_gamme, ram_16go  →  normal, ssd_512go",0.18,0.6428571428571428,2.922077922077922,0.11839999999999998,2.1839999999999997
"bas_de_gamme, ram_16go",ssd_512go,"bas_de_gamme, ram_16go  →  ssd_512go",0.18,0.6428571428571428,2.922077922077922,0.11839999999999998,2.1839999999999997
ssd_512go,"bas_de_gamme, normal, ram_16go","ssd_512go  →  bas_de_gamme, normal, ram_16go",0.18,0.8181818181818181,2.9220779220779214,0.11839999999999998,3.9599999999999986
ssd_512go,"bas_de_gamme, ram_16go","ssd_512go  →  bas_de_gamme, ram_16go",0.18,0.8181818181818181,2.9220779220779214,0.11839999999999998,3.9599999999999986
"normal, ssd_512go","bas_de_gamme, ram_16go","normal, ssd_512go  →  bas_de_gamme, ram_16go",0.18,0.8181818181818181,2.9220779220779214,0.11839999999999998,3.9599999999999986
"brand_acer, ram_32go+","platform_aliexpress, ssd_1to","brand_acer, ram_32go+  →  platform_aliexpress, ssd_1to",0.06,0.75,2.8846153846153846,0.0392,2.96
"brand_acer, normal, ram_32go+",ssd_1to,"brand_acer, normal, ram_32go+  →  ssd_1to",0.06,0.75,2.8846153846153846,0.0392,2.96
"brand_acer, platform_aliexpress, ram_32go+",ssd_1to,"brand_acer, platform_aliexpress, ram_32go+  →  ssd_1to",0.06,0.75,2.8846153846153846,0.0392,2.96
"bas_de_gamme, brand_acer, ram_32go+",ssd_1to,"bas_de_gamme, brand_acer, ram_32go+  →  ssd_1to",0.06,0.75,2.8846153846153846,0.0392,2.96
"brand_acer, ram_32go+",ssd_1to,"brand_acer, ram_32go+  →  ssd_1to",0.06,0.75,2.8846153846153846,0.0392,2.96
"brand_huawei, normal","bas_de_gamme, ram_16go","brand_huawei, normal  →  bas_de_gamme, ram_16go",0.08,0.7999999999999999,2.8571428571428568,0.052,3.5999999999999988
brand_huawei,"bas_de_gamme, normal, ram_16go","brand_huawei  →  bas_de_gamme, normal, ram_16go",0.08,0.7999999999999999,2.8571428571428568,0.052,3.5999999999999988
brand_huawei,"bas_de_gamme, ram_16go","brand_huawei  →  bas_de_gamme, ram_16go",0.08,0.7999999999999999,2.8571428571428568,0.052,3.5999999999999988
"brand_huawei, platform_aliexpress","bas_de_gamme, ram_16go","brand_huawei, platform_aliexpress  →  bas_de_gamme, ram_16go",0.08,0.7999999999999999,2.8571428571428568,0.052,3.5999999999999988
"bas_de_gamme, platform_aliexpress, ram_16go",ssd_512go,"bas_de_gamme, platform_aliexpress, ram_16go  →  ssd_512go",0.16,0.6153846153846154,2.7972027972027975,0.1028,2.0280000000000005
ssd_512go,"bas_de_gamme, platform_aliexpress, ram_16go","ssd_512go  →  bas_de_gamme, platform_aliexpress, ram_16go",0.16,0.7272727272727273,2.797202797202797,0.1028,2.7133333333333334
"platform_aliexpress, ssd_512go","normal, ram_16go","platform_aliexpress, ssd_512go  →  normal, ram_16go",0.16,0.888888888888889,2.777777777777778,0.1024,6.120000000000003
"normal, platform_aliexpress, ssd_512go",ram_16go,"normal, platform_aliexpress, ssd_512go  →  ram_16go",0.16,0.888888888888889,2.777777777777778,0.1024,6.120000000000003
"platform_aliexpress, ssd_512go",ram_16go,"platform_aliexpress, ssd_512go  →  ram_16go",0.16,0.888888888888889,2.777777777777778,0.1024,6.120000000000003
"normal, ssd_2to+","bas_de_gamme, ram_32go+","normal, ssd_2to+  →  bas_de_gamme, ram_32go+",0.08,0.6666666666666667,2.777777777777778,0.0512,2.2800000000000007
"bas_de_gamme, platform_aliexpress, ssd_512go",ram_16go,"bas_de_gamme, platform_aliexpress, ssd_512go  →  ram_16go",0.16,0.888888888888889,2.777777777777778,0.1024,6.120000000000003
ram_16go,"bas_de_gamme, platform_aliexpress, ssd_512go","ram_16go  →  bas_de_gamme, platform_aliexpress, ssd_512go",0.16,0.5,2.7777777777777777,0.1024,1.6400000000000001
ram_16go,"normal, platform_aliexpress, ssd_512go","ram_16go  →  normal, platform_aliexpress, ssd_512go",0.16,0.5,2.7777777777777777,0.1024,1.6400000000000001
"normal, ram_16go","platform_aliexpress, ssd_512go","normal, ram_16go  →  platform_aliexpress, ssd_512go",0.16,0.5,2.7777777777777777,0.1024,1.6400000000000001
brand_lenovo,"platform_aliexpress, ram_32go+, ssd_1to","brand_lenovo  →  platform_aliexpress, ram_32go+, ssd_1to",0.06,0.5,2.7777777777777777,0.038400000000000004,1.6400000000000001
ram_16go,"platform_aliexpress, ssd_512go","ram_16go  →  platform_aliexpress, ssd_512go",0.16,0.5,2.7777777777777777,0.1024,1.6400000000000001
brand_lenovo,"ram_32go+, ssd_1to","brand_lenovo  →  ram_32go+, ssd_1to",0.06,0.5,2.7777777777777777,0.038400000000000004,1.6400000000000001
"brand_huawei, normal","bas_de_gamme, ssd_512go","brand_huawei, normal  →  bas_de_gamme, ssd_512go",0.06,0.6,2.727272727272727,0.03799999999999999,1.95
"brand_huawei, platform_aliexpress",ssd_512go,"brand_huawei, platform_aliexpress  →  ssd_512go",0.06,0.6,2.727272727272727,0.03799999999999999,1.95
"brand_huawei, platform_aliexpress","bas_de_gamme, ssd_512go","brand_huawei, platform_aliexpress  →  bas_de_gamme, ssd_512go",0.06,0.6,2.727272727272727,0.03799999999999999,1.95
brand_huawei,"bas_de_gamme, ssd_512go","brand_huawei  →  bas_de_gamme, ssd_512go",0.06,0.6,2.727272727272727,0.03799999999999999,1.95
brand_huawei,"bas_de_gamme, normal, ssd_512go","brand_huawei  →  bas_de_gamme, normal, ssd_512go",0.06,0.6,2.727272727272727,0.03799999999999999,1.95
"brand_huawei, normal, platform_aliexpress",ssd_512go,"brand_huawei, normal, platform_aliexpress  →  ssd_512go",0.06,0.6,2.727272727272727,0.03799999999999999,1.95
brand_huawei,ssd_512go,brand_huawei  →  ssd_512go,0.06,0.6,2.727272727272727,0.03799999999999999,1.95
"brand_huawei, platform_aliexpress","normal, ssd_512go","brand_huawei, platform_aliexpress  →  normal, ssd_512go",0.06,0.6,2.727272727272727,0.03799999999999999,1.95
"brand_huawei, normal",ssd_512go,"brand_huawei, normal  →  ssd_512go",0.06,0.6,2.727272727272727,0.03799999999999999,1.95
brand_huawei,"normal, ssd_512go","brand_huawei  →  normal, ssd_512go",0.06,0.6,2.727272727272727,0.03799999999999999,1.95
brand_huawei,"normal, platform_aliexpress, ram_16go","brand_huawei  →  normal, platform_aliexpress, ram_16go",0.08,0.7999999999999999,2.6666666666666665,0.05,3.4999999999999987
"brand_huawei, normal","platform_aliexpress, ram_16go","brand_huawei, normal  →  platform_aliexpress, ram_16go",0.08,0.7999999999999999,2.6666666666666665,0.05,3.4999999999999987
brand_huawei,"platform_aliexpress, ram_16go","brand_huawei  →  platform_aliexpress, ram_16go",0.08,0.7999999999999999,2.6666666666666665,0.05,3.4999999999999987
"bas_de_gamme, brand_honor, platform_aliexpress",ram_32go+,"bas_de_gamme, brand_honor, platform_aliexpress  →  ram_32go+",0.06,1.0,2.6315789473684212,0.0372,inf
"bas_de_gamme, brand_honor","platform_aliexpress, ram_32go+","bas_de_gamme, brand_honor  →  platform_aliexpress, ram_32go+",0.06,1.0,2.6315789473684212,0.0372,inf
"bas_de_gamme, brand_honor",ram_32go+,"bas_de_gamme, brand_honor  →  ram_32go+",0.06,1.0,2.6315789473684212,0.0372,inf
"brand_honor, normal, ssd_2to+",ram_32go+,"brand_honor, normal, ssd_2to+  →  ram_32go+",0.06,1.0,2.6315789473684212,0.0372,inf
"brand_lenovo, platform_aliexpress, ssd_1to",ram_32go+,"brand_lenovo, platform_aliexpress, ssd_1to  →  ram_32go+",0.06,1.0,2.6315789473684212,0.0372,inf
"brand_lenovo, ssd_1to","platform_aliexpress, ram_32go+","brand_lenovo, ssd_1to  →  platform_aliexpress, ram_32go+",0.06,1.0,2.6315789473684212,0.0372,inf
"brand_lenovo, ssd_1to",ram_32go+,"brand_lenovo, ssd_1to  →  ram_32go+",0.06,1.0,2.6315789473684212,0.0372,inf
"brand_honor, ssd_2to+",ram_32go+,"brand_honor, ssd_2to+  →  ram_32go+",0.06,1.0,2.6315789473684212,0.0372,inf
"brand_honor, ssd_2to+","platform_aliexpress, ram_32go+","brand_honor, ssd_2to+  →  platform_aliexpress, ram_32go+",0.06,1.0,2.6315789473684212,0.0372,inf
"bas_de_gamme, brand_honor, normal",ram_32go+,"bas_de_gamme, brand_honor, normal  →  ram_32go+",0.06,1.0,2.6315789473684212,0.0372,inf
"brand_honor, platform_aliexpress, ssd_2to+",ram_32go+,"brand_honor, platform_aliexpress, ssd_2to+  →  ram_32go+",0.06,1.0,2.6315789473684212,0.0372,inf
"bas_de_gamme, brand_honor, ssd_2to+",ram_32go+,"bas_de_gamme, brand_honor, ssd_2to+  →  ram_32go+",0.06,1.0,2.6315789473684212,0.0372,inf
"normal, ssd_512go",ram_16go,"normal, ssd_512go  →  ram_16go",0.18,0.8181818181818181,2.5568181818181817,0.10959999999999999,3.7399999999999984
"normal, ram_16go",ssd_512go,"normal, ram_16go  →  ssd_512go",0.18,0.5625,2.5568181818181817,0.10959999999999999,1.782857142857143
"bas_de_gamme, normal, ssd_512go",ram_16go,"bas_de_gamme, normal, ssd_512go  →  ram_16go",0.18,0.8181818181818181,2.5568181818181817,0.10959999999999999,3.7399999999999984
ram_16go,"bas_de_gamme, normal, ssd_512go","ram_16go  →  bas_de_gamme, normal, ssd_512go",0.18,0.5625,2.5568181818181817,0.10959999999999999,1.782857142857143
ssd_512go,"normal, ram_16go","ssd_512go  →  normal, ram_16go",0.18,0.8181818181818181,2.5568181818181817,0.10959999999999999,3.7399999999999984
ssd_512go,ram_16go,ssd_512go  →  ram_16go,0.18,0.8181818181818181,2.5568181818181817,0.10959999999999999,3.7399999999999984
ram_16go,ssd_512go,ram_16go  →  ssd_512go,0.18,0.5625,2.5568181818181817,0.10959999999999999,1.782857142857143
"bas_de_gamme, ssd_512go",ram_16go,"bas_de_gamme, ssd_512go  →  ram_16go",0.18,0.8181818181818181,2.5568181818181817,0.10959999999999999,3.7399999999999984
ram_16go,"normal, ssd_512go","ram_16go  →  normal, ssd_512go",0.18,0.5625,2.5568181818181817,0.10959999999999999,1.782857142857143
"bas_de_gamme, ssd_512go","normal, ram_16go","bas_de_gamme, ssd_512go  →  normal, ram_16go",0.18,0.8181818181818181,2.5568181818181817,0.10959999999999999,3.7399999999999984
"normal, ram_16go","bas_de_gamme, ssd_512go","normal, ram_16go  →  bas_de_gamme, ssd_512go",0.18,0.5625,2.5568181818181817,0.10959999999999999,1.782857142857143
ram_16go,"bas_de_gamme, ssd_512go","ram_16go  →  bas_de_gamme, ssd_512go",0.18,0.5625,2.5568181818181817,0.10959999999999999,1.782857142857143
"brand_honor, normal","bas_de_gamme, ram_32go+","brand_honor, normal  →  bas_de_gamme, ram_32go+",0.06,0.6,2.5,0.036,1.9
"brand_honor, platform_aliexpress","bas_de_gamme, ram_32go+","brand_honor, platform_aliexpress  →  bas_de_gamme, ram_32go+",0.06,0.6,2.5,0.036,1.9
brand_honor,"bas_de_gamme, platform_aliexpress, ram_32go+","brand_honor  →  bas_de_gamme, platform_aliexpress, ram_32go+",0.06,0.6,2.5,0.036,1.9
brand_honor,"bas_de_gamme, normal, ram_32go+","brand_honor  →  bas_de_gamme, normal, ram_32go+",0.06,0.6,2.5,0.036,1.9
brand_honor,"bas_de_gamme, ram_32go+","brand_honor  →  bas_de_gamme, ram_32go+",0.06,0.6,2.5,0.036,1.9
"bas_de_gamme, brand_xiaomi","normal, ssd_1to","bas_de_gamme, brand_xiaomi  →  normal, ssd_1to",0.06,0.6,2.5,0.036,1.9
"brand_acer, platform_aliexpress","normal, ram_32go+","brand_acer, platform_aliexpress  →  normal, ram_32go+",0.08,0.7999999999999999,2.4999999999999996,0.048,3.3999999999999986
brand_huawei,"normal, ram_16go","brand_huawei  →  normal, ram_16go",0.08,0.7999999999999999,2.4999999999999996,0.048,3.3999999999999986
"brand_huawei, platform_aliexpress",ram_16go,"brand_huawei, platform_aliexpress  →  ram_16go",0.08,0.7999999999999999,2.4999999999999996,0.048,3.3999999999999986
"bas_de_gamme, brand_acer","normal, ram_32go+","bas_de_gamme, brand_acer  →  normal, ram_32go+",0.08,0.7999999999999999,2.4999999999999996,0.048,3.3999999999999986
"bas_de_gamme, ssd_2to+","normal, ram_32go+","bas_de_gamme, ssd_2to+  →  normal, ram_32go+",0.08,0.7999999999999999,2.4999999999999996,0.048,3.3999999999999986
brand_huawei,ram_16go,brand_huawei  →  ram_16go,0.08,0.7999999999999999,2.4999999999999996,0.048,3.3999999999999986
"brand_huawei, normal",ram_16go,"brand_huawei, normal  →  ram_16go",0.08,0.7999999999999999,2.4999999999999996,0.048,3.3999999999999986
"brand_huawei, platform_aliexpress","normal, ram_16go","brand_huawei, platform_aliexpress  →  normal, ram_16go",0.08,0.7999999999999999,2.4999999999999996,0.048,3.3999999999999986
brand_acer,"normal, platform_aliexpress, ram_32go+","brand_acer  →  normal, platform_aliexpress, ram_32go+",0.08,0.7999999999999999,2.4999999999999996,0.048,3.3999999999999986
brand_acer,"normal, ram_32go+","brand_acer  →  normal, ram_32go+",0.08,0.7999999999999999,2.4999999999999996,0.048,3.3999999999999986
"brand_huawei, normal, platform_aliexpress",ram_16go,"brand_huawei, normal, platform_aliexpress  →  ram_16go",0.08,0.7999999999999999,2.4999999999999996,0.048,3.3999999999999986
"bas_de_gamme, ram_32go+","normal, ssd_1to","bas_de_gamme, ram_32go+  →  normal, ssd_1to",0.14,0.5833333333333334,2.430555555555556,0.08240000000000001,1.8240000000000003
"normal, ssd_1to","bas_de_gamme, ram_32go+","normal, ssd_1to  →  bas_de_gamme, ram_32go+",0.14,0.5833333333333334,2.430555555555556,0.08240000000000001,1.8240000000000003
"platform_aliexpress, ram_16go","normal, ssd_512go","platform_aliexpress, ram_16go  →  normal, ssd_512go",0.16,0.5333333333333333,2.4242424242424243,0.094,1.6714285714285715
ssd_512go,"platform_aliexpress, ram_16go","ssd_512go  →  platform_aliexpress, ram_16go",0.16,0.7272727272727273,2.4242424242424243,0.094,2.566666666666667
"platform_aliexpress, ram_16go",ssd_512go,"platform_aliexpress, ram_16go  →  ssd_512go",0.16,0.5333333333333333,2.4242424242424243,0.094,1.6714285714285715
"bas_de_gamme, ssd_512go","platform_aliexpress, ram_16go","bas_de_gamme, ssd_512go  →  platform_aliexpress, ram_16go",0.16,0.7272727272727273,2.4242424242424243,0.094,2.566666666666667
"platform_aliexpress, ram_16go","bas_de_gamme, ssd_512go","platform_aliexpress, ram_16go  →  bas_de_gamme, ssd_512go",0.16,0.5333333333333333,2.4242424242424243,0.094,1.6714285714285715
"normal, ssd_512go","platform_aliexpress, ram_16go","normal, ssd_512go  →  platform_aliexpress, ram_16go",0.16,0.7272727272727273,2.4242424242424243,0.094,2.566666666666667
ssd_512go,"normal, platform_aliexpress, ram_16go","ssd_512go  →  normal, platform_aliexpress, ram_16go",0.16,0.7272727272727273,2.4242424242424243,0.094,2.566666666666667
"normal, platform_aliexpress, ram_16go",ssd_512go,"normal, platform_aliexpress, ram_16go  →  ssd_512go",0.16,0.5333333333333333,2.4242424242424243,0.094,1.6714285714285715
"brand_acer, ssd_1to","normal, ram_32go+","brand_acer, ssd_1to  →  normal, ram_32go+",0.06,0.75,2.34375,0.0344,2.7199999999999998
"bas_de_gamme, brand_xiaomi, normal",ssd_1to,"bas_de_gamme, brand_xiaomi, normal  →  ssd_1to",0.06,0.6,2.3076923076923075,0.033999999999999996,1.8499999999999999
"brand_lenovo, platform_aliexpress",ssd_1to,"brand_lenovo, platform_aliexpress  →  ssd_1to",0.06,0.6,2.3076923076923075,0.033999999999999996,1.8499999999999999
"bas_de_gamme, brand_xiaomi",ssd_1to,"bas_de_gamme, brand_xiaomi  →  ssd_1to",0.06,0.6,2.3076923076923075,0.033999999999999996,1.8499999999999999
"bas_de_gamme, brand_xiaomi","platform_aliexpress, ssd_1to","bas_de_gamme, brand_xiaomi  →  platform_aliexpress, ssd_1to",0.06,0.6,2.3076923076923075,0.033999999999999996,1.8499999999999999
"bas_de_gamme, brand_xiaomi, platform_aliexpress",ssd_1to,"bas_de_gamme, brand_xiaomi, platform_aliexpress  →  ssd_1to",0.06,0.6,2.3076923076923075,0.033999999999999996,1.8499999999999999
ssd_2to+,ram_32go+,ssd_2to+  →  ram_32go+,0.14,0.8750000000000001,2.3026315789473686,0.07920000000000002,4.960000000000004
"platform_aliexpress, ssd_2to+",ram_32go+,"platform_aliexpress, ssd_2to+  →  ram_32go+",0.14,0.8750000000000001,2.3026315789473686,0.07920000000000002,4.960000000000004
ssd_2to+,"platform_aliexpress, ram_32go+","ssd_2to+  →  platform_aliexpress, ram_32go+",0.14,0.8750000000000001,2.3026315789473686,0.07920000000000002,4.960000000000004
ssd_1to,"bas_de_gamme, ram_32go+","ssd_1to  →  bas_de_gamme, ram_32go+",0.14,0.5384615384615385,2.243589743589744,0.07760000000000002,1.646666666666667
ssd_1to,"bas_de_gamme, platform_aliexpress, ram_32go+","ssd_1to  →  bas_de_gamme, platform_aliexpress, ram_32go+",0.14,0.5384615384615385,2.243589743589744,0.07760000000000002,1.646666666666667
"platform_aliexpress, ssd_1to","bas_de_gamme, ram_32go+","platform_aliexpress, ssd_1to  →  bas_de_gamme, ram_32go+",0.14,0.5384615384615385,2.243589743589744,0.07760000000000002,1.646666666666667
ssd_1to,"bas_de_gamme, normal, ram_32go+","ssd_1to  →  bas_de_gamme, normal, ram_32go+",0.14,0.5384615384615385,2.243589743589744,0.07760000000000002,1.646666666666667
"bas_de_gamme, platform_aliexpress, ram_32go+",ssd_1to,"bas_de_gamme, platform_aliexpress, ram_32go+  →  ssd_1to",0.14,0.5833333333333334,2.2435897435897436,0.07760000000000002,1.7760000000000002
"bas_de_gamme, ram_32go+",ssd_1to,"bas_de_gamme, ram_32go+  →  ssd_1to",0.14,0.5833333333333334,2.2435897435897436,0.07760000000000002,1.7760000000000002
"bas_de_gamme, ram_32go+","platform_aliexpress, ssd_1to","bas_de_gamme, ram_32go+  →  platform_aliexpress, ssd_1to",0.14,0.5833333333333334,2.2435897435897436,0.07760000000000002,1.7760000000000002
"bas_de_gamme, normal, ram_32go+",ssd_1to,"bas_de_gamme, normal, ram_32go+  →  ssd_1to",0.14,0.5833333333333334,2.2435897435897436,0.07760000000000002,1.7760000000000002
"normal, ssd_2to+",ram_32go+,"normal, ssd_2to+  →  ram_32go+",0.1,0.8333333333333334,2.192982456140351,0.054400000000000004,3.7200000000000006
"normal, ssd_2to+","platform_aliexpress, ram_32go+","normal, ssd_2to+  →  platform_aliexpress, ram_32go+",0.1,0.8333333333333334,2.192982456140351,0.054400000000000004,3.7200000000000006
"normal, platform_aliexpress, ssd_2to+",ram_32go+,"normal, platform_aliexpress, ssd_2to+  →  ram_32go+",0.1,0.8333333333333334,2.192982456140351,0.054400000000000004,3.7200000000000006
"brand_acer, normal, platform_aliexpress",ram_32go+,"brand_acer, normal, platform_aliexpress  →  ram_32go+",0.08,0.7999999999999999,2.1052631578947367,0.041999999999999996,3.0999999999999988
"bas_de_gamme, brand_acer","platform_aliexpress, ram_32go+","bas_de_gamme, brand_acer  →  platform_aliexpress, ram_32go+",0.08,0.7999999999999999,2.1052631578947367,0.041999999999999996,3.0999999999999988
"bas_de_gamme, brand_acer, normal",ram_32go+,"bas_de_gamme, brand_acer, normal  →  ram_32go+",0.08,0.7999999999999999,2.1052631578947367,0.041999999999999996,3.0999999999999988
"bas_de_gamme, platform_aliexpress, ssd_2to+",ram_32go+,"bas_de_gamme, platform_aliexpress, ssd_2to+  →  ram_32go+",0.08,0.7999999999999999,2.1052631578947367,0.041999999999999996,3.0999999999999988
"bas_de_gamme, ssd_2to+","platform_aliexpress, ram_32go+","bas_de_gamme, ssd_2to+  →  platform_aliexpress, ram_32go+",0.08,0.7999999999999999,2.1052631578947367,0.041999999999999996,3.0999999999999988
"bas_de_gamme, ssd_2to+",ram_32go+,"bas_de_gamme, ssd_2to+  →  ram_32go+",0.08,0.7999999999999999,2.1052631578947367,0.041999999999999996,3.0999999999999988
"bas_de_gamme, normal, ssd_2to+",ram_32go+,"bas_de_gamme, normal, ssd_2to+  →  ram_32go+",0.08,0.7999999999999999,2.1052631578947367,0.041999999999999996,3.0999999999999988
"brand_acer, normal","platform_aliexpress, ram_32go+","brand_acer, normal  →  platform_aliexpress, ram_32go+",0.08,0.7999999999999999,2.1052631578947367,0.041999999999999996,3.0999999999999988
"bas_de_gamme, brand_acer, platform_aliexpress",ram_32go+,"bas_de_gamme, brand_acer, platform_aliexpress  →  ram_32go+",0.08,0.7999999999999999,2.1052631578947367,0.041999999999999996,3.0999999999999988
"brand_acer, normal",ram_32go+,"brand_acer, normal  →  ram_32go+",0.08,0.7999999999999999,2.1052631578947367,0.041999999999999996,3.0999999999999988
"bas_de_gamme, brand_acer",ram_32go+,"bas_de_gamme, brand_acer  →  ram_32go+",0.08,0.7999999999999999,2.1052631578947367,0.041999999999999996,3.0999999999999988
"brand_acer, platform_aliexpress",ram_32go+,"brand_acer, platform_aliexpress  →  ram_32go+",0.08,0.7999999999999999,2.1052631578947367,0.041999999999999996,3.0999999999999988
brand_acer,"platform_aliexpress, ram_32go+","brand_acer  →  platform_aliexpress, ram_32go+",0.08,0.7999999999999999,2.1052631578947367,0.041999999999999996,3.0999999999999988
brand_acer,ram_32go+,brand_acer  →  ram_32go+,0.08,0.7999999999999999,2.1052631578947367,0.041999999999999996,3.0999999999999988
ssd_2to+,"bas_de_gamme, normal, ram_32go+","ssd_2to+  →  bas_de_gamme, normal, ram_32go+",0.08,0.5,2.0833333333333335,0.041600000000000005,1.52
ssd_2to+,"bas_de_gamme, platform_aliexpress, ram_32go+","ssd_2to+  →  bas_de_gamme, platform_aliexpress, ram_32go+",0.08,0.5,2.0833333333333335,0.041600000000000005,1.52
ssd_2to+,"bas_de_gamme, ram_32go+","ssd_2to+  →  bas_de_gamme, ram_32go+",0.08,0.5,2.0833333333333335,0.041600000000000005,1.52
"platform_aliexpress, ssd_2to+","bas_de_gamme, ram_32go+","platform_aliexpress, ssd_2to+  →  bas_de_gamme, ram_32go+",0.08,0.5,2.0833333333333335,0.041600000000000005,1.52
"bas_de_gamme, brand_xiaomi","platform_aliexpress, ram_16go","bas_de_gamme, brand_xiaomi  →  platform_aliexpress, ram_16go",0.06,0.6,2.0,0.03,1.7499999999999998
"bas_de_gamme, ssd_1to","normal, ram_32go+","bas_de_gamme, ssd_1to  →  normal, ram_32go+",0.14,0.6363636363636365,1.988636363636364,0.06960000000000001,1.8700000000000003
"brand_acer, platform_aliexpress, ssd_1to",ram_32go+,"brand_acer, platform_aliexpress, ssd_1to  →  ram_32go+",0.06,0.75,1.9736842105263157,0.029599999999999998,2.48
"brand_acer, ssd_1to","platform_aliexpress, ram_32go+","brand_acer, ssd_1to  →  platform_aliexpress, ram_32go+",0.06,0.75,1.9736842105263157,0.029599999999999998,2.48
"brand_acer, normal, ssd_1to",ram_32go+,"brand_acer, normal, ssd_1to  →  ram_32go+",0.06,0.75,1.9736842105263157,0.029599999999999998,2.48
"brand_acer, ssd_1to",ram_32go+,"brand_acer, ssd_1to  →  ram_32go+",0.06,0.75,1.9736842105263157,0.029599999999999998,2.48
"bas_de_gamme, brand_acer, ssd_1to",ram_32go+,"bas_de_gamme, brand_acer, ssd_1to  →  ram_32go+",0.06,0.75,1.9736842105263157,0.029599999999999998,2.48
ssd_2to+,"normal, platform_aliexpress, ram_32go+","ssd_2to+  →  normal, platform_aliexpress, ram_32go+",0.1,0.625,1.953125,0.0488,1.8133333333333332
"platform_aliexpress, ssd_2to+","normal, ram_32go+","platform_aliexpress, ssd_2to+  →  normal, ram_32go+",0.1,0.625,1.953125,0.0488,1.8133333333333332
ssd_2to+,"normal, ram_32go+","ssd_2to+  →  normal, ram_32go+",0.1,0.625,1.953125,0.0488,1.8133333333333332
ssd_1to,"normal, platform_aliexpress, ram_32go+","ssd_1to  →  normal, platform_aliexpress, ram_32go+",0.16,0.6153846153846154,1.9230769230769231,0.0768,1.768
ssd_1to,"normal, ram_32go+","ssd_1to  →  normal, ram_32go+",0.16,0.6153846153846154,1.9230769230769231,0.0768,1.768
"platform_aliexpress, ssd_1to","normal, ram_32go+","platform_aliexpress, ssd_1to  →  normal, ram_32go+",0.16,0.6153846153846154,1.9230769230769231,0.0768,1.768
"normal, ram_32go+","platform_aliexpress, ssd_1to","normal, ram_32go+  →  platform_aliexpress, ssd_1to",0.16,0.5,1.923076923076923,0.0768,1.48
"normal, ram_32go+",ssd_1to,"normal, ram_32go+  →  ssd_1to",0.16,0.5,1.923076923076923,0.0768,1.48
brand_lenovo,ssd_1to,brand_lenovo  →  ssd_1to,0.06,0.5,1.923076923076923,0.0288,1.48
brand_lenovo,"platform_aliexpress, ssd_1to","brand_lenovo  →  platform_aliexpress, ssd_1to",0.06,0.5,1.923076923076923,0.0288,1.48
"normal, platform_aliexpress, ram_32go+",ssd_1to,"normal, platform_aliexpress, ram_32go+  →  ssd_1to",0.16,0.5,1.923076923076923,0.0768,1.48
brand_honor,"normal, ram_32go+","brand_honor  →  normal, ram_32go+",0.06,0.6,1.875,0.027999999999999997,1.6999999999999997
"bas_de_gamme, brand_xiaomi","normal, ram_16go","bas_de_gamme, brand_xiaomi  →  normal, ram_16go",0.06,0.6,1.875,0.027999999999999997,1.6999999999999997
"bas_de_gamme, brand_xiaomi, normal",ram_16go,"bas_de_gamme, brand_xiaomi, normal  →  ram_16go",0.06,0.6,1.875,0.027999999999999997,1.6999999999999997
brand_honor,"normal, platform_aliexpress, ram_32go+","brand_honor  →  normal, platform_aliexpress, ram_32go+",0.06,0.6,1.875,0.027999999999999997,1.6999999999999997
"brand_honor, platform_aliexpress","normal, ram_32go+","brand_honor, platform_aliexpress  →  normal, ram_32go+",0.06,0.6,1.875,0.027999999999999997,1.6999999999999997
"bas_de_gamme, brand_xiaomi",ram_16go,"bas_de_gamme, brand_xiaomi  →  ram_16go",0.06,0.6,1.875,0.027999999999999997,1.6999999999999997
"bas_de_gamme, brand_xiaomi, platform_aliexpress",ram_16go,"bas_de_gamme, brand_xiaomi, platform_aliexpress  →  ram_16go",0.06,0.6,1.875,0.027999999999999997,1.6999999999999997
ssd_1to,ram_32go+,ssd_1to  →  ram_32go+,0.18,0.6923076923076923,1.8218623481781375,0.0812,2.0149999999999997
ssd_1to,"platform_aliexpress, ram_32go+","ssd_1to  →  platform_aliexpress, ram_32go+",0.18,0.6923076923076923,1.8218623481781375,0.0812,2.0149999999999997
"platform_aliexpress, ssd_1to",ram_32go+,"platform_aliexpress, ssd_1to  →  ram_32go+",0.18,0.6923076923076923,1.8218623481781375,0.0812,2.0149999999999997
"normal, ssd_1to","platform_aliexpress, ram_32go+","normal, ssd_1to  →  platform_aliexpress, ram_32go+",0.16,0.6666666666666667,1.7543859649122808,0.0688,1.8600000000000003
"normal, ssd_1to",ram_32go+,"normal, ssd_1to  →  ram_32go+",0.16,0.6666666666666667,1.7543859649122808,0.0688,1.8600000000000003
"normal, platform_aliexpress, ssd_1to",ram_32go+,"normal, platform_aliexpress, ssd_1to  →  ram_32go+",0.16,0.6666666666666667,1.7543859649122808,0.0688,1.8600000000000003
"bas_de_gamme, normal, ssd_1to",ram_32go+,"bas_de_gamme, normal, ssd_1to  →  ram_32go+",0.14,0.6363636363636365,1.6746411483253592,0.056400000000000006,1.7050000000000005
"bas_de_gamme, ssd_1to",ram_32go+,"bas_de_gamme, ssd_1to  →  ram_32go+",0.14,0.6363636363636365,1.6746411483253592,0.056400000000000006,1.7050000000000005
"bas_de_gamme, platform_aliexpress, ssd_1to",ram_32go+,"bas_de_gamme, platform_aliexpress, ssd_1to  →  ram_32go+",0.14,0.6363636363636365,1.6746411483253592,0.056400000000000006,1.7050000000000005
"bas_de_gamme, ssd_1to","platform_aliexpress, ram_32go+","bas_de_gamme, ssd_1to  →  platform_aliexpress, ram_32go+",0.14,0.6363636363636365,1.6746411483253592,0.056400000000000006,1.7050000000000005
brand_xiaomi,"platform_aliexpress, ram_16go","brand_xiaomi  →  platform_aliexpress, ram_16go",0.08,0.5,1.6666666666666667,0.032,1.4
brand_xiaomi,"normal, platform_aliexpress, ram_16go","brand_xiaomi  →  normal, platform_aliexpress, ram_16go",0.08,0.5,1.6666666666666667,0.032,1.4
"brand_xiaomi, normal","platform_aliexpress, ram_16go","brand_xiaomi, normal  →  platform_aliexpress, ram_16go",0.08,0.5,1.6666666666666667,0.032,1.4
"brand_honor, platform_aliexpress",ram_32go+,"brand_honor, platform_aliexpress  →  ram_32go+",0.06,0.6,1.5789473684210527,0.021999999999999992,1.5499999999999998
brand_honor,"platform_aliexpress, ram_32go+","brand_honor  →  platform_aliexpress, ram_32go+",0.06,0.6,1.5789473684210527,0.021999999999999992,1.5499999999999998
"brand_honor, normal",ram_32go+,"brand_honor, normal  →  ram_32go+",0.06,0.6,1.5789473684210527,0.021999999999999992,1.5499999999999998
brand_honor,ram_32go+,brand_honor  →  ram_32go+,0.06,0.6,1.5789473684210527,0.021999999999999992,1.5499999999999998
"brand_lenovo, platform_aliexpress",ram_32go+,"brand_lenovo, platform_aliexpress  →  ram_32go+",0.06,0.6,1.5789473684210527,0.021999999999999992,1.5499999999999998
"haut_de_gamme, platform_aliexpress",ram_32go+,"haut_de_gamme, platform_aliexpress  →  ram_32go+",0.06,0.6,1.5789473684210527,0.021999999999999992,1.5499999999999998
haut_de_gamme,"platform_aliexpress, ram_32go+","haut_de_gamme  →  platform_aliexpress, ram_32go+",0.06,0.6,1.5789473684210527,0.021999999999999992,1.5499999999999998
"brand_honor, normal, platform_aliexpress",ram_32go+,"brand_honor, normal, platform_aliexpress  →  ram_32go+",0.06,0.6,1.5789473684210527,0.021999999999999992,1.5499999999999998
"brand_honor, normal","platform_aliexpress, ram_32go+","brand_honor, normal  →  platform_aliexpress, ram_32go+",0.06,0.6,1.5789473684210527,0.021999999999999992,1.5499999999999998
haut_de_gamme,ram_32go+,haut_de_gamme  →  ram_32go+,0.06,0.6,1.5789473684210527,0.021999999999999992,1.5499999999999998
brand_xiaomi,"normal, ram_16go","brand_xiaomi  →  normal, ram_16go",0.08,0.5,1.5625,0.0288,1.3599999999999999
brand_xiaomi,"normal, platform_aliexpress, ram_32go+","brand_xiaomi  →  normal, platform_aliexpress, ram_32go+",0.08,0.5,1.5625,0.0288,1.3599999999999999
brand_xiaomi,"normal, ram_32go+","brand_xiaomi  →  normal, ram_32go+",0.08,0.5,1.5625,0.0288,1.3599999999999999
"brand_xiaomi, normal",ram_16go,"brand_xiaomi, normal  →  ram_16go",0.08,0.5,1.5625,0.0288,1.3599999999999999
"brand_xiaomi, platform_aliexpress",ram_16go,"brand_xiaomi, platform_aliexpress  →  ram_16go",0.08,0.5,1.5625,0.0288,1.3599999999999999
"brand_xiaomi, platform_aliexpress","normal, ram_32go+","brand_xiaomi, platform_aliexpress  →  normal, ram_32go+",0.08,0.5,1.5625,0.0288,1.3599999999999999
brand_xiaomi,ram_16go,brand_xiaomi  →  ram_16go,0.08,0.5,1.5625,0.0288,1.3599999999999999
"brand_xiaomi, normal, platform_aliexpress",ram_16go,"brand_xiaomi, normal, platform_aliexpress  →  ram_16go",0.08,0.5,1.5625,0.0288,1.3599999999999999
"brand_xiaomi, platform_aliexpress","normal, ram_16go","brand_xiaomi, platform_aliexpress  →  normal, ram_16go",0.08,0.5,1.5625,0.0288,1.3599999999999999
brand_acer,"bas_de_gamme, normal, platform_aliexpress","brand_acer  →  bas_de_gamme, normal, platform_aliexpress",0.1,1.0,1.5151515151515151,0.034,inf
"brand_xiaomi, ssd_1to","bas_de_gamme, platform_aliexpress","brand_xiaomi, ssd_1to  →  bas_de_gamme, platform_aliexpress",0.06,1.0,1.5151515151515151,0.020399999999999995,inf
"brand_honor, ssd_2to+","bas_de_gamme, platform_aliexpress","brand_honor, ssd_2to+  →  bas_de_gamme, platform_aliexpress",0.06,1.0,1.5151515151515151,0.020399999999999995,inf
brand_acer,"bas_de_gamme, platform_aliexpress","brand_acer  →  bas_de_gamme, platform_aliexpress",0.1,1.0,1.5151515151515151,0.034,inf
"brand_huawei, ram_16go","bas_de_gamme, platform_aliexpress","brand_huawei, ram_16go  →  bas_de_gamme, platform_aliexpress",0.08,1.0,1.5151515151515151,0.027199999999999995,inf
"brand_honor, ram_32go+","bas_de_gamme, platform_aliexpress","brand_honor, ram_32go+  →  bas_de_gamme, platform_aliexpress",0.06,1.0,1.5151515151515151,0.020399999999999995,inf
"brand_acer, normal","bas_de_gamme, platform_aliexpress","brand_acer, normal  →  bas_de_gamme, platform_aliexpress",0.1,1.0,1.5151515151515151,0.034,inf
"brand_acer, ram_32go+","bas_de_gamme, platform_aliexpress","brand_acer, ram_32go+  →  bas_de_gamme, platform_aliexpress",0.08,1.0,1.5151515151515151,0.027199999999999995,inf
"brand_huawei, ssd_512go","bas_de_gamme, platform_aliexpress","brand_huawei, ssd_512go  →  bas_de_gamme, platform_aliexpress",0.06,1.0,1.5151515151515151,0.020399999999999995,inf
"brand_acer, ssd_1to","bas_de_gamme, platform_aliexpress","brand_acer, ssd_1to  →  bas_de_gamme, platform_aliexpress",0.08,1.0,1.5151515151515151,0.027199999999999995,inf
"ram_16go, ssd_1to","bas_de_gamme, platform_aliexpress","ram_16go, ssd_1to  →  bas_de_gamme, platform_aliexpress",0.08,1.0,1.5151515151515151,0.027199999999999995,inf
"brand_huawei, ssd_512go","bas_de_gamme, normal","brand_huawei, ssd_512go  →  bas_de_gamme, normal",0.06,1.0,1.4285714285714286,0.018000000000000002,inf
"brand_huawei, platform_aliexpress, ram_16go",bas_de_gamme,"brand_huawei, platform_aliexpress, ram_16go  →  bas_de_gamme",0.08,1.0,1.4285714285714286,0.024000000000000007,inf
ssd_512go,"bas_de_gamme, normal","ssd_512go  →  bas_de_gamme, normal",0.22,1.0,1.4285714285714286,0.066,inf
"brand_honor, platform_aliexpress, ram_32go+",bas_de_gamme,"brand_honor, platform_aliexpress, ram_32go+  →  bas_de_gamme",0.06,1.0,1.4285714285714286,0.018000000000000002,inf
"brand_honor, ssd_2to+","bas_de_gamme, normal","brand_honor, ssd_2to+  →  bas_de_gamme, normal",0.06,1.0,1.4285714285714286,0.018000000000000002,inf
"normal, ssd_512go",bas_de_gamme,"normal, ssd_512go  →  bas_de_gamme",0.22,1.0,1.4285714285714286,0.066,inf
"ram_16go, ssd_512go",bas_de_gamme,"ram_16go, ssd_512go  →  bas_de_gamme",0.18,1.0,1.4285714285714286,0.05399999999999999,inf
"ram_16go, ssd_512go","bas_de_gamme, normal","ram_16go, ssd_512go  →  bas_de_gamme, normal",0.18,1.0,1.4285714285714286,0.05399999999999999,inf
"normal, ram_16go, ssd_512go",bas_de_gamme,"normal, ram_16go, ssd_512go  →  bas_de_gamme",0.18,1.0,1.4285714285714286,0.05399999999999999,inf
"brand_honor, platform_aliexpress, ssd_2to+",bas_de_gamme,"brand_honor, platform_aliexpress, ssd_2to+  →  bas_de_gamme",0.06,1.0,1.4285714285714286,0.018000000000000002,inf
"brand_honor, ram_32go+","bas_de_gamme, normal","brand_honor, ram_32go+  →  bas_de_gamme, normal",0.06,1.0,1.4285714285714286,0.018000000000000002,inf
"brand_acer, normal, platform_aliexpress",bas_de_gamme,"brand_acer, normal, platform_aliexpress  →  bas_de_gamme",0.1,1.0,1.4285714285714286,0.030000000000000013,inf
"brand_honor, normal, ram_32go+",bas_de_gamme,"brand_honor, normal, ram_32go+  →  bas_de_gamme",0.06,1.0,1.4285714285714286,0.018000000000000002,inf
"brand_acer, platform_aliexpress",bas_de_gamme,"brand_acer, platform_aliexpress  →  bas_de_gamme",0.1,1.0,1.4285714285714286,0.030000000000000013,inf
brand_acer,"bas_de_gamme, normal","brand_acer  →  bas_de_gamme, normal",0.1,1.0,1.4285714285714286,0.030000000000000013,inf
brand_acer,bas_de_gamme,brand_acer  →  bas_de_gamme,0.1,1.0,1.4285714285714286,0.030000000000000013,inf
"brand_acer, normal",bas_de_gamme,"brand_acer, normal  →  bas_de_gamme",0.1,1.0,1.4285714285714286,0.030000000000000013,inf
"brand_honor, normal, ssd_2to+",bas_de_gamme,"brand_honor, normal, ssd_2to+  →  bas_de_gamme",0.06,1.0,1.4285714285714286,0.018000000000000002,inf
"brand_honor, ram_32go+, ssd_2to+",bas_de_gamme,"brand_honor, ram_32go+, ssd_2to+  →  bas_de_gamme",0.06,1.0,1.4285714285714286,0.018000000000000002,inf
"brand_xiaomi, normal, ssd_1to",bas_de_gamme,"brand_xiaomi, normal, ssd_1to  →  bas_de_gamme",0.06,1.0,1.4285714285714286,0.018000000000000002,inf
"brand_xiaomi, ssd_1to","bas_de_gamme, normal","brand_xiaomi, ssd_1to  →  bas_de_gamme, normal",0.06,1.0,1.4285714285714286,0.018000000000000002,inf
"brand_acer, ssd_1to","bas_de_gamme, normal","brand_acer, ssd_1to  →  bas_de_gamme, normal",0.08,1.0,1.4285714285714286,0.024000000000000007,inf
"brand_acer, normal, ssd_1to",bas_de_gamme,"brand_acer, normal, ssd_1to  →  bas_de_gamme",0.08,1.0,1.4285714285714286,0.024000000000000007,inf
"brand_acer, platform_aliexpress","bas_de_gamme, normal","brand_acer, platform_aliexpress  →  bas_de_gamme, normal",0.1,1.0,1.4285714285714286,0.030000000000000013,inf
"brand_acer, ram_32go+",bas_de_gamme,"brand_acer, ram_32go+  →  bas_de_gamme",0.08,1.0,1.4285714285714286,0.024000000000000007,inf
"brand_xiaomi, ssd_1to",bas_de_gamme,"brand_xiaomi, ssd_1to  →  bas_de_gamme",0.06,1.0,1.4285714285714286,0.018000000000000002,inf
"brand_acer, ssd_1to",bas_de_gamme,"brand_acer, ssd_1to  →  bas_de_gamme",0.08,1.0,1.4285714285714286,0.024000000000000007,inf
"brand_honor, ssd_2to+",bas_de_gamme,"brand_honor, ssd_2to+  →  bas_de_gamme",0.06,1.0,1.4285714285714286,0.018000000000000002,inf
"brand_acer, platform_aliexpress, ssd_1to",bas_de_gamme,"brand_acer, platform_aliexpress, ssd_1to  →  bas_de_gamme",0.08,1.0,1.4285714285714286,0.024000000000000007,inf
"brand_huawei, ssd_512go",bas_de_gamme,"brand_huawei, ssd_512go  →  bas_de_gamme",0.06,1.0,1.4285714285714286,0.018000000000000002,inf
"brand_honor, ram_32go+",bas_de_gamme,"brand_honor, ram_32go+  →  bas_de_gamme",0.06,1.0,1.4285714285714286,0.018000000000000002,inf
"brand_huawei, ram_16go",bas_de_gamme,"brand_huawei, ram_16go  →  bas_de_gamme",0.08,1.0,1.4285714285714286,0.024000000000000007,inf
"brand_xiaomi, platform_aliexpress, ssd_1to",bas_de_gamme,"brand_xiaomi, platform_aliexpress, ssd_1to  →  bas_de_gamme",0.06,1.0,1.4285714285714286,0.018000000000000002,inf
"brand_acer, platform_aliexpress, ram_32go+",bas_de_gamme,"brand_acer, platform_aliexpress, ram_32go+  →  bas_de_gamme",0.08,1.0,1.4285714285714286,0.024000000000000007,inf
"brand_acer, normal, ram_32go+",bas_de_gamme,"brand_acer, normal, ram_32go+  →  bas_de_gamme",0.08,1.0,1.4285714285714286,0.024000000000000007,inf
"ram_16go, ssd_1to","bas_de_gamme, normal","ram_16go, ssd_1to  →  bas_de_gamme, normal",0.08,1.0,1.4285714285714286,0.024000000000000007,inf
"platform_aliexpress, ram_16go, ssd_1to",bas_de_gamme,"platform_aliexpress, ram_16go, ssd_1to  →  bas_de_gamme",0.08,1.0,1.4285714285714286,0.024000000000000007,inf
"brand_acer, ram_32go+","bas_de_gamme, normal","brand_acer, ram_32go+  →  bas_de_gamme, normal",0.08,1.0,1.4285714285714286,0.024000000000000007,inf
"brand_huawei, normal, ram_16go",bas_de_gamme,"brand_huawei, normal, ram_16go  →  bas_de_gamme",0.08,1.0,1.4285714285714286,0.024000000000000007,inf
"normal, ram_16go, ssd_1to",bas_de_gamme,"normal, ram_16go, ssd_1to  →  bas_de_gamme",0.08,1.0,1.4285714285714286,0.024000000000000007,inf
"brand_huawei, ram_16go","bas_de_gamme, normal","brand_huawei, ram_16go  →  bas_de_gamme, normal",0.08,1.0,1.4285714285714286,0.024000000000000007,inf
"brand_acer, ram_32go+, ssd_1to",bas_de_gamme,"brand_acer, ram_32go+, ssd_1to  →  bas_de_gamme",0.06,1.0,1.4285714285714286,0.018000000000000002,inf
"ram_16go, ssd_1to",bas_de_gamme,"ram_16go, ssd_1to  →  bas_de_gamme",0.08,1.0,1.4285714285714286,0.024000000000000007,inf
"normal, platform_aliexpress, ssd_512go",bas_de_gamme,"normal, platform_aliexpress, ssd_512go  →  bas_de_gamme",0.18,1.0,1.4285714285714286,0.05399999999999999,inf
"platform_aliexpress, ssd_512go","bas_de_gamme, normal","platform_aliexpress, ssd_512go  →  bas_de_gamme, normal",0.18,1.0,1.4285714285714286,0.05399999999999999,inf
"brand_huawei, normal, ssd_512go",bas_de_gamme,"brand_huawei, normal, ssd_512go  →  bas_de_gamme",0.06,1.0,1.4285714285714286,0.018000000000000002,inf
"platform_aliexpress, ssd_512go",bas_de_gamme,"platform_aliexpress, ssd_512go  →  bas_de_gamme",0.18,1.0,1.4285714285714286,0.05399999999999999,inf
"platform_aliexpress, ram_16go, ssd_512go",bas_de_gamme,"platform_aliexpress, ram_16go, ssd_512go  →  bas_de_gamme",0.16,1.0,1.4285714285714286,0.048000000000000015,inf
"brand_huawei, ram_16go, ssd_512go",bas_de_gamme,"brand_huawei, ram_16go, ssd_512go  →  bas_de_gamme",0.06,1.0,1.4285714285714286,0.018000000000000002,inf
"brand_huawei, platform_aliexpress, ssd_512go",bas_de_gamme,"brand_huawei, platform_aliexpress, ssd_512go  →  bas_de_gamme",0.06,1.0,1.4285714285714286,0.018000000000000002,inf
ssd_512go,bas_de_gamme,ssd_512go  →  bas_de_gamme,0.22,1.0,1.4285714285714286,0.066,inf
"normal, ssd_1to","bas_de_gamme, platform_aliexpress","normal, ssd_1to  →  bas_de_gamme, platform_aliexpress",0.22,0.9166666666666667,1.3888888888888888,0.06159999999999999,4.080000000000004
"ram_16go, ssd_512go","bas_de_gamme, platform_aliexpress","ram_16go, ssd_512go  →  bas_de_gamme, platform_aliexpress",0.16,0.888888888888889,1.3468013468013469,0.0412,3.0600000000000014
"brand_xiaomi, normal, platform_aliexpress",ram_32go+,"brand_xiaomi, normal, platform_aliexpress  →  ram_32go+",0.08,0.5,1.3157894736842106,0.019200000000000002,1.24
brand_lenovo,"platform_aliexpress, ram_32go+","brand_lenovo  →  platform_aliexpress, ram_32go+",0.06,0.5,1.3157894736842106,0.014399999999999996,1.24
"brand_xiaomi, normal",ram_32go+,"brand_xiaomi, normal  →  ram_32go+",0.08,0.5,1.3157894736842106,0.019200000000000002,1.24
brand_xiaomi,"platform_aliexpress, ram_32go+","brand_xiaomi  →  platform_aliexpress, ram_32go+",0.08,0.5,1.3157894736842106,0.019200000000000002,1.24
"brand_xiaomi, normal","platform_aliexpress, ram_32go+","brand_xiaomi, normal  →  platform_aliexpress, ram_32go+",0.08,0.5,1.3157894736842106,0.019200000000000002,1.24
brand_xiaomi,ram_32go+,brand_xiaomi  →  ram_32go+,0.08,0.5,1.3157894736842106,0.019200000000000002,1.24
"brand_xiaomi, platform_aliexpress",ram_32go+,"brand_xiaomi, platform_aliexpress  →  ram_32go+",0.08,0.5,1.3157894736842106,0.019200000000000002,1.24
brand_lenovo,ram_32go+,brand_lenovo  →  ram_32go+,0.06,0.5,1.3157894736842106,0.014399999999999996,1.24
"normal, ssd_1to",bas_de_gamme,"normal, ssd_1to  →  bas_de_gamme",0.22,0.9166666666666667,1.3095238095238098,0.05200000000000002,3.6000000000000036
"normal, platform_aliexpress, ssd_1to",bas_de_gamme,"normal, platform_aliexpress, ssd_1to  →  bas_de_gamme",0.22,0.9166666666666667,1.3095238095238098,0.05200000000000002,3.6000000000000036
ssd_1to,"bas_de_gamme, normal, platform_aliexpress","ssd_1to  →  bas_de_gamme, normal, platform_aliexpress",0.22,0.8461538461538461,1.282051282051282,0.0484,2.2099999999999995
ssd_1to,"bas_de_gamme, platform_aliexpress","ssd_1to  →  bas_de_gamme, platform_aliexpress",0.22,0.8461538461538461,1.282051282051282,0.0484,2.2099999999999995
"normal, ssd_2to+","bas_de_gamme, platform_aliexpress","normal, ssd_2to+  →  bas_de_gamme, platform_aliexpress",0.1,0.8333333333333334,1.2626262626262625,0.0208,2.0400000000000005
ram_16go,bas_de_gamme,ram_16go  →  bas_de_gamme,0.28,0.8750000000000001,1.2500000000000002,0.05600000000000005,2.4000000000000026
ram_16go,"bas_de_gamme, normal","ram_16go  →  bas_de_gamme, normal",0.28,0.8750000000000001,1.2500000000000002,0.05600000000000005,2.4000000000000026
"normal, ram_32go+, ssd_1to",bas_de_gamme,"normal, ram_32go+, ssd_1to  →  bas_de_gamme",0.14,0.8750000000000001,1.2500000000000002,0.028000000000000025,2.4000000000000026
"normal, ram_16go",bas_de_gamme,"normal, ram_16go  →  bas_de_gamme",0.28,0.8750000000000001,1.2500000000000002,0.05600000000000005,2.4000000000000026
"normal, ssd_512go","bas_de_gamme, platform_aliexpress","normal, ssd_512go  →  bas_de_gamme, platform_aliexpress",0.18,0.8181818181818181,1.2396694214876032,0.0348,1.8699999999999992
ssd_512go,"bas_de_gamme, platform_aliexpress","ssd_512go  →  bas_de_gamme, platform_aliexpress",0.18,0.8181818181818181,1.2396694214876032,0.0348,1.8699999999999992
ssd_512go,"bas_de_gamme, normal, platform_aliexpress","ssd_512go  →  bas_de_gamme, normal, platform_aliexpress",0.18,0.8181818181818181,1.2396694214876032,0.0348,1.8699999999999992
"platform_aliexpress, ram_16go",bas_de_gamme,"platform_aliexpress, ram_16go  →  bas_de_gamme",0.26,0.8666666666666667,1.2380952380952381,0.05000000000000002,2.250000000000001
"platform_aliexpress, ram_16go","bas_de_gamme, normal","platform_aliexpress, ram_16go  →  bas_de_gamme, normal",0.26,0.8666666666666667,1.2380952380952381,0.05000000000000002,2.250000000000001
"normal, platform_aliexpress, ram_16go",bas_de_gamme,"normal, platform_aliexpress, ram_16go  →  bas_de_gamme",0.26,0.8666666666666667,1.2380952380952381,0.05000000000000002,2.250000000000001
ram_16go,"bas_de_gamme, normal, platform_aliexpress","ram_16go  →  bas_de_gamme, normal, platform_aliexpress",0.26,0.8125,1.231060606060606,0.04879999999999998,1.8133333333333332
"normal, ram_16go","bas_de_gamme, platform_aliexpress","normal, ram_16go  →  bas_de_gamme, platform_aliexpress",0.26,0.8125,1.231060606060606,0.04879999999999998,1.8133333333333332
ram_16go,"bas_de_gamme, platform_aliexpress","ram_16go  →  bas_de_gamme, platform_aliexpress",0.26,0.8125,1.231060606060606,0.04879999999999998,1.8133333333333332
brand_huawei,"bas_de_gamme, platform_aliexpress","brand_huawei  →  bas_de_gamme, platform_aliexpress",0.08,0.7999999999999999,1.212121212121212,0.013999999999999999,1.6999999999999993
"brand_huawei, normal","bas_de_gamme, platform_aliexpress","brand_huawei, normal  →  bas_de_gamme, platform_aliexpress",0.08,0.7999999999999999,1.212121212121212,0.013999999999999999,1.6999999999999993
brand_huawei,"bas_de_gamme, normal, platform_aliexpress","brand_huawei  →  bas_de_gamme, normal, platform_aliexpress",0.08,0.7999999999999999,1.212121212121212,0.013999999999999999,1.6999999999999993
ssd_1to,"bas_de_gamme, normal","ssd_1to  →  bas_de_gamme, normal",0.22,0.8461538461538461,1.208791208791209,0.038000000000000006,1.9500000000000002
"platform_aliexpress, ssd_1to",bas_de_gamme,"platform_aliexpress, ssd_1to  →  bas_de_gamme",0.22,0.8461538461538461,1.208791208791209,0.038000000000000006,1.9500000000000002
ssd_1to,bas_de_gamme,ssd_1to  →  bas_de_gamme,0.22,0.8461538461538461,1.208791208791209,0.038000000000000006,1.9500000000000002
"platform_aliexpress, ssd_1to","bas_de_gamme, normal","platform_aliexpress, ssd_1to  →  bas_de_gamme, normal",0.22,0.8461538461538461,1.208791208791209,0.038000000000000006,1.9500000000000002
